"Time (s)","Input voltage (V)","Angular velocity (rad/s)"
7060.74,0,0
7060.76,1.01639,0
7060.78,1.01534,0
7060.8,1.00854,6.21042
7060.82,1.00749,3.77151
7060.84,1.00697,7.29523
7060.86,1.00906,9.8784
7060.88,2.01812,13.4479
7060.9,2.01708,14.7982
7060.92,1.96263,19.6025
7060.94,1.96996,24.6231
7060.96,1.96472,30.5651
7060.98,1.96367,35.9493
7061,1.96891,41.6886
7061.02,1.971,46.7122
7061.04,1.9731,51.5701
7061.06,1.971,55.6999
7061.08,1.97519,61.5259
7061.1,1.97624,63.3866
7061.12,1.97729,68.4689
7061.14,1.97624,72.0163
7061.16,1.97938,78.2218
7061.18,1.98043,79.2919
7061.2,1.97833,82.9307
7061.22,1.98357,89.2195
7061.24,1.98252,89.974
7061.26,1.98566,93.5103
7061.28,1.98776,98.072
7061.3,1.98776,101.681
7061.32,1.98566,102.282
7061.34,1.99195,105.529
7061.36,1.98985,108.178
7061.38,1.9888,108.924
7061.4,1.9909,113.179
7061.42,1.99299,115.203
7061.44,1.99299,116.876
7061.46,1.99195,120.258
7061.48,1.9909,121.466
7061.5,1.99509,122.982
7061.52,1.99299,126.625
7061.54,1.99613,125.064
7061.56,1.99509,128.536
7061.58,1.99404,129.316
7061.6,1.99613,131.39
7061.62,1.99404,132.721
7061.64,1.99718,134.472
7061.66,1.99927,136.024
7061.68,1.99823,136.165
7061.7,2.00032,142.034
7061.72,1.99927,140.152
7061.74,2.00137,141.333
7061.76,2.00137,141.674
7061.78,1.99927,142.795
7061.8,2.00032,146.369
7061.82,2.00137,144.444
7061.84,2.00032,147.974
7061.86,2.00137,146.917
7061.88,2.00137,150.731
7061.9,2.00346,148.2
7061.92,2.00451,150.352
7061.94,2.00137,148.722
7061.96,2.00242,153.11
7061.98,2.00242,151.727
7062,2.00242,154.543
7062.02,2.00242,152.484
7062.04,2.00556,157.938
7062.06,2.0066,155.541
7062.08,2.00556,157.3
7062.1,2.0066,155.667
7062.12,2.0066,158.636
7062.14,2.00765,156.231
7062.16,2.00556,161.289
7062.18,2.00765,158.672
7062.2,2.0066,159.627
7062.22,2.0066,159.194
7062.24,2.0066,161.202
7062.26,2.00451,159.535
7062.28,2.00765,162.759
7062.3,2.0066,160.298
7062.32,2.0066,165.299
7062.34,2.00451,161.86
7062.36,2.00765,167.343
7062.38,2.00556,162.512
7062.4,2.00556,165.988
7062.42,2.00765,163.479
7062.44,2.00556,166.425
7062.46,2.00975,164.476
7062.48,2.0087,167.16
7062.5,2.0087,166.683
7062.52,2.01079,166.283
7062.54,2.0087,165.853
7062.56,2.0087,166.157
7062.58,2.00765,168.256
7062.6,2.00975,165.571
7062.62,2.0087,168.68
7062.64,2.01184,167.029
7062.66,2.0066,172.247
7062.68,2.0087,168.42
7062.7,2.00975,168.999
7062.72,2.0087,167.186
7062.74,2.00765,171.453
7062.76,2.01079,168.649
7062.78,2.00975,170.331
7062.8,2.00975,170.435
7062.82,2.00975,170.804
7062.84,2.00975,169.215
7062.86,2.01079,168.897
7062.88,2.01079,171.478
7062.9,2.01184,169.54
7062.92,2.01184,171.64
7062.94,2.01184,170.12
7062.96,2.01184,175.474
7062.98,2.01289,171.291
7063,2.01079,171.985
7063.02,2.01289,171.52
7063.04,2.01184,172.419
7063.06,2.00975,172.867
7063.08,2.00765,172.031
7063.1,2.01289,173.791
7063.12,2.00975,171.623
7063.14,2.00975,173.326
7063.16,2.01289,171.249
7063.18,2.01079,173.518
7063.2,2.00975,172.228
7063.22,2.00975,173.014
7063.24,2.0087,175.799
7063.26,2.01079,173.55
7063.28,2.01289,173.605
7063.3,2.01289,173.091
7063.32,2.01289,175.543
7063.34,2.00975,172.236
7063.36,2.01184,175.113
7063.38,2.01289,173.905
7063.4,2.01079,174.595
7063.42,2.01393,172.255
7063.44,2.01184,173.881
7063.46,2.00975,174.604
7063.48,2.01079,173.468
7063.5,2.01079,175.215
7063.52,2.01393,174.526
7063.54,2.01079,178.326
7063.56,2.01079,174.218
7063.58,2.01289,174.122
7063.6,2.00975,174.43
7063.62,2.01079,174.48
7063.64,2.01079,177.406
7063.66,2.01079,173.033
7063.68,2.01289,177.874
7063.7,2.01289,173.515
7063.72,2.01393,174.333
7063.74,2.01184,173.279
7063.76,2.01184,176.007
7063.78,2.01498,175.571
7063.8,2.01393,174.476
7063.82,2.01289,178.18
7063.84,2.01393,175.157
7063.86,2.01184,175.146
7063.88,2.01079,173.936
7063.9,2.00975,176.01
7063.92,2.00975,175.281
7063.94,2.01079,176.951
7063.96,2.01079,175.28
7063.98,2.0087,174.942
7064,2.0087,175.494
7064.02,2.01184,173.814
7064.04,2.01184,175.782
7064.06,2.01289,174.237
7064.08,2.01079,176.419
7064.1,2.01393,176.956
7064.12,2.01393,177.017
7064.14,2.01289,175.696
7064.16,2.01289,175.317
7064.18,2.01289,177.636
7064.2,2.01393,173.888
7064.22,2.01603,177.786
7064.24,2.01289,175.941
7064.26,2.01184,175.908
7064.28,2.01079,176.088
7064.3,2.01184,174.001
7064.32,2.01184,177.067
7064.34,2.01079,174.932
7064.36,2.01184,175.85
7064.38,2.01289,176.189
7064.4,2.0087,178.695
7064.42,2.01079,175.729
7064.44,2.00975,174.474
7064.46,2.01184,177.535
7064.48,2.01393,175.176
7064.5,2.01393,177.218
7064.52,2.01498,174.942
7064.54,2.01498,178.473
7064.56,2.01184,174.41
7064.58,2.01184,175.742
7064.6,2.01184,175.092
7064.62,2.01393,175.494
7064.64,2.01184,177.049
7064.66,2.01079,174.784
7064.68,2.01079,179.672
7064.7,2.01079,176.238
7064.72,2.01289,175.806
7064.74,2.00975,176.295
7064.76,2.0087,176.433
7064.78,2.01184,177.265
7064.8,2.01079,176.722
7064.82,2.01079,176.709
7064.84,2.01184,176.114
7064.86,2.01498,176.929
7064.88,2.01498,173.682
7064.9,2.01498,176.636
7064.92,2.01289,176.419
7064.94,2.01393,177.21
7064.96,2.01393,178.845
7064.98,2.01184,175.068
7065,2.01393,178.342
7065.02,2.01393,175.1
7065.04,2.01289,177.797
7065.06,2.01289,174.572
7065.08,2.00975,178.212
7065.1,2.01184,176.951
7065.12,2.00975,177.005
7065.14,2.01393,174.661
7065.16,2.01289,175.327
7065.18,2.01079,178.32
7065.2,2.00975,174.278
7065.22,2.01184,177.569
7065.24,2.01289,176.859
7065.26,2.01184,179.451
7065.28,2.01393,176.388
7065.3,2.01079,175.859
7065.32,2.01289,178.187
7065.34,2.01393,174.998
7065.36,2.01393,178.407
7065.38,2.01289,176.633
7065.4,2.01393,177.209
7065.42,2.01393,177.089
7065.44,2.01393,174.683
7065.46,2.01289,178.339
7065.48,2.01289,174.552
7065.5,2.01184,177.528
7065.52,2.01289,175.241
7065.54,2.01079,180.448
7065.56,2.01184,177.298
7065.58,2.01289,176.191
7065.6,2.01079,176.676
7065.62,2.01079,175.489
7065.64,2.01184,179.598
7065.66,2.01079,175.319
7065.68,2.01289,177.075
7065.7,2.01289,175.961
7065.72,2.01079,176.424
7065.74,2.01393,176.114
7065.76,2.01603,175.407
7065.78,2.01184,177.36
7065.8,2.01289,174.9
7065.82,2.01393,180.842
7065.84,2.01289,175.844
7065.86,2.01498,178.081
7065.88,2.01079,175.362
7065.9,2.01079,176.694
7065.92,2.01079,177.216
7065.94,2.0087,177.939
7065.96,2.01184,178.006
7065.98,2.01289,174.107
7066,2.01079,177.592
7066.02,2.01079,175.565
7066.04,2.01393,176.883
7066.06,2.01393,176.284
7066.08,2.01184,176.949
7066.1,2.01079,180.565
7066.12,3.02561,175.981
7066.14,2.99106,176.628
7066.16,2.93766,178.709
7066.18,2.93295,182.509
7066.2,2.93766,185.649
7066.22,2.94394,188.826
7066.24,2.9408,194.194
7066.26,2.94237,192.839
7066.28,2.93609,197.329
7066.3,2.93923,202.169
7066.32,2.94394,201.302
7066.34,2.94237,207.902
7066.36,2.94551,210.67
7066.38,2.95022,212.583
7066.4,2.94865,214.566
7066.42,2.95022,215.772
7066.44,2.95493,218.484
7066.46,2.95808,221.599
7066.48,2.95808,223.861
7066.5,2.96122,224.761
7066.52,2.96122,224.797
7066.54,2.9675,228.723
7066.56,2.96593,230.641
7066.58,2.96122,230.53
7066.6,2.96593,236.512
7066.62,2.96593,236.191
7066.64,2.96907,237.225
7066.66,2.97064,236.817
7066.68,2.96907,241.063
7066.7,2.96593,242.323
7066.72,2.9675,241.014
7066.74,2.97221,242.641
7066.76,2.97692,243.424
7066.78,2.97221,245.588
7066.8,2.97064,251.133
7066.82,2.96907,248.893
7066.84,2.97692,248.948
7066.86,2.97378,250.384
7066.88,2.97849,252.576
7066.9,2.97535,253.45
7066.92,2.98164,252.502
7066.94,2.98164,252.67
7066.96,2.98321,254.423
7066.98,2.98321,256.228
7067,2.97692,260.156
7067.02,2.98321,258.932
7067.04,2.97849,257.638
7067.06,2.98006,258.519
7067.08,2.98321,260.8
7067.1,2.98006,260.047
7067.12,2.98006,260.076
7067.14,2.97849,262.764
7067.16,2.98321,260.789
7067.18,2.98006,262.569
7067.2,2.98478,264.658
7067.22,2.98164,265.502
7067.24,2.98321,264.27
7067.26,2.98635,265.29
7067.28,2.99106,267.65
7067.3,2.98635,264.795
7067.32,2.98792,265.429
7067.34,2.98949,266.301
7067.36,2.98792,267.663
7067.38,2.98792,270.863
7067.4,2.98792,268.741
7067.42,2.98792,269.222
7067.44,2.98792,268.35
7067.46,2.99106,269.986
7067.48,2.98635,270.382
7067.5,2.98792,268.859
7067.52,2.99106,271.231
7067.54,2.98792,270.83
7067.56,2.98792,272.893
7067.58,2.98949,272.871
7067.6,2.99106,272.538
7067.62,2.99106,271.433
7067.64,2.98792,273.969
7067.66,2.99263,273.127
7067.68,2.99106,274.196
7067.7,2.9942,273.723
7067.72,2.99577,272.483
7067.74,2.99106,274.191
7067.76,2.99577,276.589
7067.78,2.9942,274.769
7067.8,2.99263,275.477
7067.82,2.99263,275.02
7067.84,2.99263,276.616
7067.86,2.99734,273.693
7067.88,2.98949,276.109
7067.9,2.99106,273.94
7067.92,2.9942,275.28
7067.94,2.9942,279.545
7067.96,2.99106,276.599
7067.98,2.99263,277.878
7068,2.99106,277.093
7068.02,2.99577,278.137
7068.04,2.99577,275.718
7068.06,2.99263,276.072
7068.08,2.99734,277.637
7068.1,2.99734,276.802
7068.12,3.00205,281.431
7068.14,2.99734,277.831
7068.16,2.99577,277.584
7068.18,2.99734,280.489
7068.2,2.99891,277.829
7068.22,2.99734,278.306
7068.24,3.00205,276.363
7068.26,2.99577,277.629
7068.28,2.9942,278.774
7068.3,2.99577,281.502
7068.32,2.99263,279.963
7068.34,2.99734,278.941
7068.36,2.98949,280.011
7068.38,2.99734,280.013
7068.4,2.99577,278.465
7068.42,2.99263,278.89
7068.44,2.99734,279.174
7068.46,2.99734,277.987
7068.48,2.99891,284.476
7068.5,2.99577,278.926
7068.52,3.00048,281.406
7068.54,2.99734,281.857
7068.56,2.99577,279.743
7068.58,2.99734,279.392
7068.6,2.99577,279.632
7068.62,3.00048,279.417
7068.64,3.00048,280.522
7068.66,2.99734,283.491
7068.68,2.99734,281.357
7068.7,2.99577,280.629
7068.72,2.99891,282.392
7068.74,2.9942,282.913
7068.76,2.99577,280.956
7068.78,2.99734,280.045
7068.8,2.99577,279.567
7068.82,2.99734,281.37
7068.84,2.99891,285.461
7068.86,2.99263,282.372
7068.88,2.99891,281.707
7068.9,3.00362,282.209
7068.92,2.99891,282.311
7068.94,3.00048,280.67
7068.96,2.99734,282.145
7068.98,2.99891,280.677
7069,3.00362,281.661
7069.02,3.00048,284.293
7069.04,2.99891,280.795
7069.06,2.99734,283.469
7069.08,2.99577,283.576
7069.1,2.9942,282.314
7069.12,3.00205,281.511
7069.14,2.9942,281.309
7069.16,2.9942,282.867
7069.18,3.00048,283.388
7069.2,2.99734,283.835
7069.22,2.99577,282.707
7069.24,2.99891,280.663
7069.26,2.99891,284.686
7069.28,2.99734,283.237
7069.3,3.00205,282.124
7069.32,3.00048,282.193
7069.34,3.00048,281.455
7069.36,3.00048,285.147
7069.38,2.99891,283.826
7069.4,3.00048,282.346
7069.42,3.00048,282.417
7069.44,3.00205,284.077
7069.46,3.00048,284.035
7069.48,2.99891,280.745
7069.5,2.99577,284.302
7069.52,2.99577,282.259
7069.54,2.99891,287.171
7069.56,2.99577,283.154
7069.58,2.99734,282.741
7069.6,2.99577,282.796
7069.62,2.99577,283.286
7069.64,2.99734,284.536
7069.66,2.99577,282.251
7069.68,3.00048,283.635
7069.7,3.00048,282.873
7069.72,3.00362,285.35
7069.74,3.00205,284.961
7069.76,3.00048,282.442
7069.78,3.00048,284.866
7069.8,3.00205,283.676
7069.82,3.00048,282.707
7069.84,3.00205,281.917
7069.86,3.00519,283.477
7069.88,3.00048,285.305
7069.9,2.99734,286.315
7069.92,2.99891,285.062
7069.94,2.99891,284.25
7069.96,2.99577,282.872
7069.98,2.99734,285.946
7070,2.99577,281.936
7070.02,2.99891,282.819
7070.04,2.99891,283.386
7070.06,3.00048,283.172
7070.08,2.99891,287.342
7070.1,3.00519,283.514
7070.12,3.00205,284.758
7070.14,3.00519,284.554
7070.16,3.00362,284.832
7070.18,3.00205,281.912
7070.2,2.99734,283.26
7070.22,3.00048,282.96
7070.24,3.00519,284.019
7070.26,3.00048,287.095
7070.28,3.00362,284.049
7070.3,2.99891,284.39
7070.32,3.00048,284.576
7070.34,3.00048,284.437
7070.36,2.99734,284.569
7070.38,2.99734,282.574
7070.4,2.99734,283.143
7070.42,2.99891,284.332
7070.44,2.99577,284.546
7070.46,2.99734,284.235
7070.48,3.00362,284.26
7070.5,2.99891,284.355
7070.52,3.00205,284.56
7070.54,2.99891,282.544
7070.56,3.00519,285.439
7070.58,3.00205,282.933
7070.6,3.00048,286.827
7070.62,3.00048,285.415
7070.64,3.00048,282.275
7070.66,2.99891,285.538
7070.68,2.99734,283.827
7070.7,2.99577,285.213
7070.72,3.00048,283.329
7070.74,3.00205,283.63
7070.76,3.00048,284.578
7070.78,3.00048,286.785
7070.8,2.99891,285.464
7070.82,3.00362,283.653
7070.84,2.99734,284.629
7070.86,2.99577,284.115
7070.88,3.00362,283.573
7070.9,3.00048,283.337
7070.92,3.00519,283.694
7070.94,2.99891,284.68
7070.96,2.99734,287.848
7070.98,3.00205,285.648
7071,3.00205,283.977
7071.02,2.99577,283.878
7071.04,3.00048,286.242
7071.06,3.00048,282.739
7071.08,2.99577,284.051
7071.1,3.00362,283.172
7071.12,3.00048,283.273
7071.14,2.99891,289.036
7071.16,2.99891,284.465
7071.18,2.99891,284.624
7071.2,3.00048,285.96
7071.22,2.99891,284.379
7071.24,2.99734,283.409
7071.26,2.99577,283.409
7071.28,2.99891,284.279
7071.3,3.00205,284.916
7071.32,3.00048,287.454
7071.34,3.00205,283.697
7071.36,3.00362,284.502
7071.38,2.99734,287.129
7071.4,3.00205,283.853
7071.42,2.99891,285.494
7071.44,3.00205,282.683
7071.46,2.99891,283.331
7071.48,2.99577,285.516
7071.5,2.99577,285.45
7071.52,3.00048,285.101
7071.54,2.99891,284.012
7071.56,2.99734,285.072
7071.58,2.99891,285.097
7071.6,3.00048,282.499
7071.62,2.99734,284.319
7071.64,3.00048,284.038
7071.66,2.99891,287.375
7071.68,3.00205,285.283
7071.7,3.00205,283.791
7071.72,2.99891,285.09
7071.74,2.99734,285.433
7071.76,3.00362,284.501
7071.78,3.00205,284.084
7071.8,3.00205,284.63
7071.82,3.00048,282.942
7071.84,2.99891,287.438
7071.86,3.00205,286.216
7071.88,2.99891,284.36
7071.9,2.99734,285.61
7071.92,2.99891,283.326
7071.94,3.00048,283.534
7071.96,2.99891,283.741
7071.98,3.00048,283.717
7072,2.99891,286.752
7072.02,3.00362,288.165
7072.04,3.00048,284.908
7072.06,3.00205,285.148
7072.08,3.00205,285.89
7072.1,3.00362,285.254
7072.12,3.00362,283.594
7072.14,2.99891,283.878
7072.16,3.00362,284.413
7072.18,3.00048,284.004
7072.2,3.00048,288.512
7072.22,3.00205,284.399
7072.24,3.00048,285.649
7072.26,3.00205,284.718
7072.28,3.00205,285.988
7072.3,3.00048,283.835
7072.32,3.00205,284.093
7072.34,2.99734,283.748
7072.36,3.00205,285.567
7072.38,2.99577,288.296
7072.4,2.99734,284.887
7072.42,3.00048,284.647
7072.44,2.99891,286.265
7072.46,2.99734,285.339
7072.48,2.99891,286.032
7072.5,3.00048,284.76
7072.52,3.00205,284.272
7072.54,3.00362,286.31
7072.56,3.00205,285.664
7072.58,3.00205,285.421
7072.6,3.00048,284.317
7072.62,3.00048,286.397
7072.64,3.00048,284.712
7072.66,3.00205,284.39
7072.68,3.00048,286.296
7072.7,3.00048,284.198
7072.72,2.99891,289.766
7072.74,3.00048,284.734
7072.76,3.00048,285.193
7072.78,3.00205,286.172
7072.8,2.99891,284.778
7072.82,2.99891,285.858
7072.84,3.00048,282.854
7072.86,2.99734,286.968
7072.88,3.00048,284.865
7072.9,3.00519,288.083
7072.92,3.00205,285.489
7072.94,2.99734,285.647
7072.96,3.00205,285.653
7072.98,2.99891,285.845
7073,3.00362,283.868
7073.02,3.00205,284.503
7073.04,3.00048,283.596
7073.06,2.99891,285.631
7073.08,3.00205,288.435
7073.1,2.99577,286.781
7073.12,3.00362,285.174
7073.14,3.00205,284.809
7073.16,2.99734,287.862
7073.18,3.00048,283.198
7073.2,2.99734,286.144
7073.22,2.99734,283.57
7073.24,3.00205,284.627
7073.26,2.99734,288.324
7073.28,3.00205,284.328
7073.3,3.00362,286.656
7073.32,3.00362,285.708
7073.34,3.00205,285.997
7073.36,3.00205,284.331
7073.38,3.00362,284.854
7073.4,3.00048,284.837
7073.42,3.00677,287.506
7073.44,3.00205,286.433
7073.46,3.00048,284.731
7073.48,2.99577,285.674
7073.5,3.00362,285.528
7073.52,2.99734,284.43
7073.54,3.00205,287.048
7073.56,2.99891,285.073
7073.58,2.99891,286.454
7073.6,3.00205,287.89
7073.62,2.99734,285.338
7073.64,2.99891,285.363
7073.66,3.00205,284.33
7073.68,3.00205,286.792
7073.7,3.00205,284.99
7073.72,4.00483,283.96
7073.74,3.97761,284.749
7073.76,3.87709,288.59
7073.78,3.86662,294.684
7073.8,3.8729,292.74
7073.82,3.86662,297.647
7073.84,3.87499,301.611
7073.86,3.86871,305.013
7073.88,3.87081,304.974
7073.9,3.86871,309.101
7073.92,3.86871,310.173
7073.94,3.88128,316.216
7073.96,3.87918,318.081
7073.98,3.88128,318.617
7074,3.88128,322.687
7074.02,3.88756,324.624
7074.04,3.88965,324.757
7074.06,3.89175,327.955
7074.08,3.89803,329.69
7074.1,3.90431,334.777
7074.12,3.90012,335.371
7074.14,3.90641,336.135
7074.16,3.9106,338.501
7074.18,3.9106,340.384
7074.2,3.9106,340.024
7074.22,3.91897,342.895
7074.24,3.91269,346.788
7074.26,3.92525,347.072
7074.28,3.91897,347.429
7074.3,3.91897,348.805
7074.32,3.92316,350.769
7074.34,3.91897,350.163
7074.36,3.92316,352.495
7074.38,3.92316,354.566
7074.4,3.92107,358.553
7074.42,3.92735,355.953
7074.44,3.92107,358.655
7074.46,3.93154,358.668
7074.48,3.93154,358.777
7074.5,3.92735,359.747
7074.52,3.93572,361.006
7074.54,3.93991,368.012
7074.56,3.93572,362.448
7074.58,3.93991,364.863
7074.6,3.93782,364.036
7074.62,3.9441,364.399
7074.64,3.94201,367.057
7074.66,3.9462,369.237
7074.68,3.94201,369.613
7074.7,3.94201,368.896
7074.72,3.94201,370.666
7074.74,3.93782,370.073
7074.76,3.94829,369.767
7074.78,3.93991,372.789
7074.8,3.94829,375.111
7074.82,3.94201,372.693
7074.84,3.95038,373.109
7074.86,3.9462,375.843
7074.88,3.94829,374.34
7074.9,3.95248,375.103
7074.92,3.95457,374.277
7074.94,3.95457,378.224
7074.96,3.95248,376.667
7074.98,3.95457,378.466
7075,3.95457,377.989
7075.02,3.95667,376.868
7075.04,3.95667,377.319
7075.06,3.95876,379.924
7075.08,3.95876,382.704
7075.1,3.95457,379.249
7075.12,3.95038,380.706
7075.14,3.95038,379.456
7075.16,3.96085,378.869
7075.18,3.95667,380.947
7075.2,3.95876,383.882
7075.22,3.96085,382.499
7075.24,3.95876,380.996
7075.26,3.95876,385.269
7075.28,3.95876,381.559
7075.3,3.96504,381.38
7075.32,3.95876,383.807
7075.34,3.96085,385.548
7075.36,3.95876,384.981
7075.38,3.96085,384.581
7075.4,3.96504,384.639
7075.42,3.96295,382.748
7075.44,3.96923,384.308
7075.46,3.95876,388.831
7075.48,3.95876,384.443
7075.5,3.96085,384.606
7075.52,3.96714,386.522
7075.54,3.96085,387.047
7075.56,3.96295,383.925
7075.58,3.96504,385.375
7075.6,3.96085,391.596
7075.62,3.96085,386.413
7075.64,3.96295,387.407
7075.66,3.96085,386.33
7075.68,3.96923,385.122
7075.7,3.96504,386.294
7075.72,3.97133,390.313
7075.74,3.96085,388.346
7075.76,3.96923,386.485
7075.78,3.96085,389.77
7075.8,3.97133,387.276
7075.82,3.96714,386.621
7075.84,3.96923,386.518
7075.86,3.97133,392.588
7075.88,3.96714,388.703
7075.9,3.96714,389.223
7075.92,3.97133,388.678
7075.94,3.97133,386.258
7075.96,3.96504,389.893
7075.98,3.96504,391.066
7076,3.96923,388.712
7076.02,3.96714,388.638
7076.04,3.97342,392.43
7076.06,3.96923,388.536
7076.08,3.97551,387.675
7076.1,3.97133,389.826
7076.12,3.97133,392.715
7076.14,3.97342,390.776
7076.16,3.97133,389.578
7076.18,3.97342,389.918
7076.2,3.96923,389.418
7076.22,3.97551,389.441
7076.24,3.96923,393.016
7076.26,3.97133,388.429
7076.28,3.96923,390.8
7076.3,3.96714,392.06
7076.32,3.96714,389.255
7076.34,3.96085,390.687
7076.36,3.96923,391.367
7076.38,3.96714,394.177
7076.4,3.96504,388.774
7076.42,3.96714,391.684
7076.44,3.96504,391.387
7076.46,3.96295,390.374
7076.48,3.96923,389.824
7076.5,3.97342,393.512
7076.52,3.97133,390.08
7076.54,3.97133,392.523
7076.56,3.96923,392.041
7076.58,3.97133,389.124
7076.6,3.97551,390.818
7076.62,3.97342,394.582
7076.64,3.97761,392.938
7076.66,3.96714,389.568
7076.68,3.96923,392.671
7076.7,3.96714,391.737
7076.72,3.96923,389.777
7076.74,3.96923,391.221
7076.76,3.96504,394.725
7076.78,3.97342,391.273
7076.8,3.96714,392.363
7076.82,3.97133,390.311
7076.84,3.96714,390.025
7076.86,3.96504,391.937
7076.88,3.96923,395.114
7076.9,3.96923,391.439
7076.92,3.97342,391.202
7076.94,3.97342,393.988
7076.96,3.97551,390.437
7076.98,3.97133,390.393
7077,3.97133,390.598
7077.02,3.97761,395.726
7077.04,3.97133,392.626
7077.06,3.97551,391.387
7077.08,3.97133,392.738
7077.1,3.97133,389.791
7077.12,3.97342,392.035
7077.14,3.97133,395.503
7077.16,3.96923,391.687
7077.18,3.97133,393.273
7077.2,3.97342,392.769
7077.22,3.96923,389.375
7077.24,3.97133,390.835
7077.26,3.97551,394.124
7077.28,3.97551,393.542
7077.3,3.97342,391.533
7077.32,3.97761,392.617
7077.34,3.9797,392.57
7077.36,3.97551,391.175
7077.38,3.97133,389.718
7077.4,3.97342,396.106
7077.42,3.97551,391.958
7077.44,3.97342,394.391
7077.46,3.97133,391.613
7077.48,3.97133,389.987
7077.5,3.97133,392.056
7077.52,3.97133,394.541
7077.54,3.97342,391.222
7077.56,3.96923,391.286
7077.58,3.97342,395.001
7077.6,3.96923,391.613
7077.62,3.96923,389.712
7077.64,3.97342,391.925
7077.66,3.97342,395.136
7077.68,3.9797,392.977
7077.7,3.97551,391.988
7077.72,3.97551,391.37
7077.74,3.97342,392.547
7077.76,3.97551,391.368
7077.78,3.97342,394.473
7077.8,3.97342,390.209
7077.82,3.97761,393.025
7077.84,3.9797,394.07
7077.86,3.97761,389.315
7077.88,3.97133,392.939
7077.9,3.96923,392.581
7077.92,3.97133,395.258
7077.94,3.97133,390.508
7077.96,3.96923,393.492
7077.98,3.96714,391.716
7078,3.96923,392.304
7078.02,3.96923,392.006
7078.04,3.97342,393.391
7078.06,3.97133,393.214
7078.08,3.97342,392.973
7078.1,3.97761,392.363
7078.12,3.9818,389.673
7078.14,3.97551,393.308
7078.16,3.96923,396.165
7078.18,3.97761,391.528
7078.2,3.9797,392.053
7078.22,3.97761,394.546
7078.24,3.97551,391.986
7078.26,3.97551,391.815
7078.28,3.97551,391.255
7078.3,3.96923,397.751
7078.32,3.97551,391.391
7078.34,3.96923,392.142
7078.36,3.97342,392.243
7078.38,3.97342,392.852
7078.4,3.97133,391.766
7078.42,3.97342,395.393
7078.44,3.97133,392.75
7078.46,3.97761,392.454
7078.48,3.97551,395.57
7078.5,3.97342,389.313
7078.52,3.97551,393.591
7078.54,3.97342,394.238
7078.56,3.97342,394.995
7078.58,3.97551,391.793
7078.6,3.9797,392.495
7078.62,3.97342,392.989
7078.64,3.97551,391.582
7078.66,3.97342,392.73
7078.68,3.97133,395.922
7078.7,3.97342,393.626
7078.72,3.97133,392.656
7078.74,3.97133,392.74
7078.76,3.97342,390.606
7078.78,3.97342,392.679
7078.8,3.97342,396.569
7078.82,3.96923,392.338
7078.84,3.97342,392.292
7078.86,3.97133,394.24
7078.88,3.97551,390.499
7078.9,3.97133,391.463
7078.92,3.96923,391.993
7078.94,3.9797,396.707
7078.96,3.97342,393.351
7078.98,3.97551,392.775
7079,3.97133,393.064
7079.02,3.97133,391.977
7079.04,3.97551,392.841
7079.06,3.9797,394.884
7079.08,3.97551,392.159
7079.1,3.96923,394.151
7079.12,3.97761,393.593
7079.14,3.97342,390.145
7079.16,3.96714,391.332
7079.18,3.97551,395.354
7079.2,3.97133,394.19
7079.22,3.97342,392.965
7079.24,3.97342,394.403
7079.26,3.97133,392.896
7079.28,3.97342,390.992
7079.3,3.97761,391.336
7079.32,4.97201,396.446
7079.34,4.9118,392.905
7079.36,4.76259,396.278
7079.38,4.76521,397.064
7079.4,4.77045,398.941
7079.42,4.76259,403.563
7079.44,4.76783,409.08
7079.46,4.77307,409.009
7079.48,4.77307,414.432
7079.5,4.78877,414.583
7079.52,4.79401,416.86
7079.54,4.78615,419.981
7079.56,4.79139,425.422
7079.58,4.78092,423.673
7079.6,4.79139,428.577
7079.62,4.79924,429.906
7079.64,4.80448,429.429
7079.66,4.8071,434.049
7079.68,4.81233,436.894
7079.7,4.81757,437.773
7079.72,4.82542,441.525
7079.74,4.82542,439.633
7079.76,4.82018,442.649
7079.78,4.83589,443.791
7079.8,4.82542,449.681
7079.82,4.82542,445.61
7079.84,4.84113,450.759
7079.86,4.83589,451.025
7079.88,4.84113,448.583
7079.9,4.84636,458.019
7079.92,4.84113,454.465
7079.94,4.84113,456.44
7079.96,4.84898,457.659
7079.98,4.84374,459.007
7080,4.85421,457.652
7080.02,4.85421,464.229
7080.04,4.85421,462.816
7080.06,4.85683,461.892
7080.08,4.8673,464.509
7080.1,4.85945,463.28
7080.12,4.86468,469.054
7080.14,4.87254,467.251
7080.16,4.86468,469.155
7080.18,4.86992,467.132
7080.2,4.86992,471.14
7080.22,4.86992,469.471
7080.24,4.88039,474.761
7080.26,4.88301,471.111
7080.28,4.8673,474.015
7080.3,4.88039,471.147
7080.32,4.88301,473.248
7080.34,4.87777,478.409
7080.36,4.88563,476.624
7080.38,4.88824,475.171
7080.4,4.88563,477.416
7080.42,4.88301,476.648
7080.44,4.87516,479.84
7080.46,4.88301,480.264
7080.48,4.88824,479.567
7080.5,4.88824,479.642
7080.52,4.89871,478.534
7080.54,4.88563,483.515
7080.56,4.89348,482.88
7080.58,4.89086,480.883
7080.6,4.88824,483.846
7080.62,4.89348,483.806
7080.64,4.89348,481.591
7080.66,4.89348,487.837
7080.68,4.90133,482.327
7080.7,4.90395,487.108
7080.72,4.8961,481.679
7080.74,4.90657,486.007
7080.76,4.89086,490.09
7080.78,4.89871,483.402
7080.8,4.89871,490.478
7080.82,4.90657,483.952
7080.84,4.90133,488.709
7080.86,4.90919,489.401
7080.88,4.90919,489.432
7080.9,4.90657,488.547
7080.92,4.9118,486.276
7080.94,4.90657,489.383
7080.96,4.90919,491.013
7080.98,4.9118,489.832
7081,4.91442,488.915
7081.02,4.91442,491.531
7081.04,4.90395,488.574
7081.06,4.90919,493.026
7081.08,4.90919,490.671
7081.1,4.90919,491.499
7081.12,4.90657,491.222
7081.14,4.90919,487.922
7081.16,4.91704,495.057
7081.18,4.90919,491.924
7081.2,4.9118,490.702
7081.22,4.90919,493.29
7081.24,4.9118,490.711
7081.26,4.90657,494.445
7081.28,4.9118,492.754
7081.3,4.91704,495.057
7081.32,4.9118,491.504
7081.34,4.91442,492.14
7081.36,4.91704,492.922
7081.38,4.91966,494.355
7081.4,4.9118,495.285
7081.42,4.92489,492.774
7081.44,4.92489,494.914
7081.46,4.9118,492.813
7081.48,4.91704,496.825
7081.5,4.92227,494.662
7081.52,4.91966,495.931
7081.54,4.91704,493.601
7081.56,4.9118,491.656
7081.58,4.91442,499.671
7081.6,4.9118,492.943
7081.62,4.91966,496.809
7081.64,4.92227,493.074
7081.66,4.9118,495.776
7081.68,4.91704,498.678
7081.7,4.91966,493.854
7081.72,4.92751,498.999
7081.74,4.92489,492.171
7081.76,4.91966,495.271
7081.78,4.92227,497.073
7081.8,4.92751,496.52
7081.82,4.91442,498.35
7081.84,4.92489,492.577
7081.86,4.92751,497.294
7081.88,4.92227,498.755
7081.9,4.91442,497.041
7081.92,4.91442,496.188
7081.94,4.92751,495.131
7081.96,4.91704,494.857
7081.98,4.91442,500.63
7082,4.92227,495.216
7082.02,4.92751,497.814
7082.04,4.91966,496.278
7082.06,4.92751,495.527
7082.08,4.92489,499.635
7082.1,4.93013,497.586
7082.12,4.92751,498.12
7082.14,4.92751,494.23
7082.16,4.93536,498.5
7082.18,4.91966,497.997
7082.2,4.93013,497.597
7082.22,4.93536,496.068
7082.24,4.93013,497.838
7082.26,4.91966,496.615
7082.28,4.91442,499.841
7082.3,4.92489,498.314
7082.32,4.93013,498.302
7082.34,4.92227,498.688
7082.36,4.92227,494.023
7082.38,4.92751,500.762
7082.4,4.92489,497.237
7082.42,4.91704,497.558
7082.44,4.92227,497.937
7082.46,4.93274,496.816
7082.48,4.92489,500.509
7082.5,4.92751,497.664
7082.52,4.92489,499.865
7082.54,4.93013,497.594
7082.56,4.92489,497.727
7082.58,4.92489,500.17
7082.6,4.93274,498.262
7082.62,4.92489,498.222
7082.64,4.92489,498.234
7082.66,4.93013,496.056
7082.68,4.92489,503
7082.7,4.92227,498.578
7082.72,4.92227,498.837
7082.74,4.92751,498.965
7082.76,4.93274,495.827
7082.78,4.92227,502.739
7082.8,4.92489,496.187
7082.82,4.92489,500.269
7082.84,4.92489,497.525
7082.86,4.93013,497.595
7082.88,4.93013,500.246
7082.9,4.93274,499.274
7082.92,4.91966,500.459
7082.94,4.92751,496.294
7082.96,4.93536,498.825
7082.98,4.93274,500.926
7083,4.92751,497.942
7083.02,4.93013,499.136
7083.04,4.93013,498.392
7083.06,4.92227,497.266
7083.08,4.92227,500.942
7083.1,4.92489,498.59
7083.12,4.92227,501.012
7083.14,4.91966,499.518
7083.16,4.92227,496.124
7083.18,4.92751,501.054
7083.2,4.93013,499.322
7083.22,4.92227,499.998
7083.24,4.92227,496.115
7083.26,4.92751,499.933
7083.28,4.93013,498.364
7083.3,4.92227,502.389
7083.32,4.93013,498.16
7083.34,4.93013,500.022
7083.36,4.92489,498.763
7083.38,4.92751,497.049
7083.4,4.93274,501.076
7083.42,4.93274,499.651
7083.44,4.92227,499.566
7083.46,4.92489,497.186
7083.48,4.92751,498.001
7083.5,4.92751,502.234
7083.52,4.92489,499.501
7083.54,4.92489,498.732
7083.56,4.93013,498.859
7083.58,4.91966,497.665
7083.6,4.92751,501.835
7083.62,4.93013,498.429
7083.64,4.92489,499.908
7083.66,4.92227,498.381
7083.68,4.92489,495.237
7083.7,4.93536,505.46
7083.72,4.93536,497.398
7083.74,4.92227,500.784
7083.76,4.93274,497.519
7083.78,4.93536,497.58
7083.8,4.92227,503.264
7083.82,4.92751,497.409
7083.84,4.93536,500.443
7083.86,4.93536,497.58
7083.88,4.92227,497.98
7083.9,4.92489,502.156
7083.92,4.93013,499.342
7083.94,4.92751,500.604
7083.96,4.92489,498.196
7083.98,4.92489,495.859
7084,4.93013,504.346
7084.02,4.92227,496.765
7084.04,4.91704,501.652
7084.06,4.92751,495.86
7084.08,4.93798,498.085
7084.1,4.92227,503.906
7084.12,4.93013,497.066
7084.14,4.93536,501.839
7084.16,4.93798,497.331
7084.18,4.92489,499.308
7084.2,4.92751,501.522
7084.22,4.93274,498.46
7084.24,4.93013,500.349
7084.26,4.92489,496.321
7084.28,4.92489,497.913
7084.3,4.92489,504.998
7084.32,4.92751,498.921
7084.34,4.91966,500.057
7084.36,4.92751,496.874
7084.38,4.93013,499.658
7084.4,4.91704,503.495
7084.42,4.92489,497.754
7084.44,4.92751,501.244
7084.46,4.92227,495.461
7084.48,4.92751,499.429
7084.5,4.92489,501.215
7084.52,4.93536,499.116
7084.54,4.92489,501.688
7084.56,4.92751,495.856
7084.58,4.93013,499.861
7084.6,4.93274,501.825
7084.62,4.92489,500.533
7084.64,4.92489,497.554
7084.66,4.93013,497.617
7084.68,4.92751,499.478
7084.7,4.92489,502.227
7084.72,4.92751,499.382
7084.74,4.92489,501.403
7084.76,4.92751,497.162
7084.78,4.92751,498.838
7084.8,4.93013,501.129
7084.82,4.93013,500.594
7084.84,4.92227,500.372
7084.86,4.91704,496.709
7084.88,4.92751,500.516
7084.9,4.92751,500.809
7084.92,4.93013,500.542
7084.94,4.93274,498.229
7084.96,4.93274,499.09
7084.98,4.93013,499.788
7085,4.93013,500.517
7085.02,4.93536,501.035
7085.04,4.93274,498.504
7085.06,4.92227,499.269
7085.08,4.92227,498.425
7085.1,4.92751,502.271
7085.12,4.93013,500.079
7085.14,5.90987,500.462
7085.16,5.82506,497.958
7085.18,5.62088,502.845
7085.2,5.62088,505.566
7085.22,5.61773,508.566
7085.24,5.61145,508.381
7085.26,5.62402,512.849
7085.28,5.61145,514.267
7085.3,5.64915,521.08
7085.32,5.64286,519.392
7085.34,5.65857,524.883
7085.36,5.64915,522.553
7085.38,5.65543,528.736
7085.4,5.66485,532.473
7085.42,5.67114,531.402
7085.44,5.67742,535.02
7085.46,5.66799,536.186
7085.48,5.67114,536.59
7085.5,5.68056,540.638
7085.52,5.68684,544.772
7085.54,5.70255,543.216
7085.56,5.68684,544.04
7085.58,5.70255,549.93
7085.6,5.70255,548.543
7085.62,5.70883,554.217
7085.64,5.71825,548.064
7085.66,5.70255,552.923
7085.68,5.72454,558.119
7085.7,5.73082,555.635
7085.72,5.72768,559.724
7085.74,5.74653,556.757
7085.76,5.72454,563.951
7085.78,5.7371,563.726
7085.8,5.74024,561.981
7085.82,5.75281,562.392
7085.84,5.75595,564.359
7085.86,5.75281,568.845
7085.88,5.74653,567.998
7085.9,5.76537,568.526
7085.92,5.75595,567.579
7085.94,5.75595,573.522
7085.96,5.76223,572.254
7085.98,5.76223,572.505
7086,5.75595,572.918
7086.02,5.7748,575.26
7086.04,5.76537,573.208
7086.06,5.77794,577.778
7086.08,5.76851,576.428
7086.1,5.78108,577.195
7086.12,5.7748,581.206
7086.14,5.78422,580.253
7086.16,5.79364,576.908
7086.18,5.78422,578.171
7086.2,5.78736,585.127
7086.22,5.79993,580.985
7086.24,5.7905,583.567
7086.26,5.78736,582.124
7086.28,5.79993,583.992
7086.3,5.79364,583.172
7086.32,5.79364,586.653
7086.34,5.79679,584.968
7086.36,5.80935,584.58
7086.38,5.79679,588.385
7086.4,5.79364,587.686
7086.42,5.80307,586.906
7086.44,5.80307,585.122
7086.46,5.80621,591.6
7086.48,5.80935,588.765
7086.5,5.82192,588.767
7086.52,5.81563,588.333
7086.54,5.80935,592.361
7086.56,5.81563,589.388
7086.58,5.81563,590.971
7086.6,5.81249,588.721
7086.62,5.82192,592.291
7086.64,5.8282,593.255
7086.66,5.82192,592.23
7086.68,5.81249,590.925
7086.7,5.81563,591.586
7086.72,5.81877,594.835
7086.74,5.81249,593.029
7086.76,5.82192,594.794
7086.78,5.82506,592.355
7086.8,5.81249,595.678
7086.82,5.81877,593.811
7086.84,5.82192,594.848
7086.86,5.81563,593.155
7086.88,5.82506,595.441
7086.9,5.8282,596.419
7086.92,5.84076,598.271
7086.94,5.83448,593.169
7086.96,5.82506,595.209
7086.98,5.82192,596.766
7087,5.8282,597.532
7087.02,5.8282,592.582
7087.04,5.8282,595.605
7087.06,5.83448,601.08
7087.08,5.83762,597.211
7087.1,5.83134,596.556
7087.12,5.82506,595.768
7087.14,5.82192,601.317
7087.16,5.83134,597.315
7087.18,5.8282,596.068
7087.2,5.8282,596.401
7087.22,5.84076,601.873
7087.24,5.84076,597.673
7087.26,5.8439,598.337
7087.28,5.82506,596.317
7087.3,5.83134,601.049
7087.32,5.83762,600.088
7087.34,5.83134,597.898
7087.36,5.83762,598.785
7087.38,5.83762,599.698
7087.4,5.83762,599.75
7087.42,5.84076,599.28
7087.44,5.83448,597.155
7087.46,5.83762,598.758
7087.48,5.8439,601.818
7087.5,5.8282,600.007
7087.52,5.82506,600.215
7087.54,5.83762,599.198
7087.56,5.8439,603.016
7087.58,5.8439,599.71
7087.6,4.86207,599.815
7087.62,4.91704,598.873
7087.64,5.05054,593.436
7087.66,5.0741,596.031
7087.68,5.0741,595.773
7087.7,5.09242,588.877
7087.72,5.08457,591.359
7087.74,5.08195,586.411
7087.76,5.07672,585.062
7087.78,5.06625,578.552
7087.8,5.06625,578.43
7087.82,5.06886,580.939
7087.84,5.06625,574.752
7087.86,5.06886,574.01
7087.88,5.05578,569.055
7087.9,5.05578,571.402
7087.92,5.05316,567.697
7087.94,5.05839,564.109
7087.96,5.03745,561.662
7087.98,5.03745,562.621
7088,5.03745,562.115
7088.02,5.03483,559.153
7088.04,5.04007,554.616
7088.06,5.02698,553.136
7088.08,5.0296,556.818
7088.1,5.02175,552.03
7088.12,5.01651,551.453
7088.14,5.02175,547.004
7088.16,5.02175,546.444
7088.18,5.01389,549.942
7088.2,5.01128,546.9
7088.22,5.00866,545.163
7088.24,5.01128,539.026
7088.26,5.01128,544.222
7088.28,5.00866,542.682
7088.3,4.99295,540.457
7088.32,5.0008,535.931
7088.34,5.00342,536.171
7088.36,4.99819,541.469
7088.38,4.99295,535.642
7088.4,4.98772,535.465
7088.42,4.9851,532.288
7088.44,4.99033,531.369
7088.46,4.98772,535.363
7088.48,4.9851,532.882
7088.5,4.98248,528.856
7088.52,4.98772,526.873
7088.54,4.97986,534.537
7088.56,4.98772,527.738
7088.58,4.97986,527.022
7088.6,4.98248,525.609
7088.62,4.98772,528.166
7088.64,4.97725,526.823
7088.66,4.96939,525.422
7088.68,4.96677,524.561
7088.7,4.97201,521.359
7088.72,4.97463,523.459
7088.74,4.96677,525.403
7088.76,4.9563,520.388
7088.78,4.96677,523.27
7088.8,4.97463,519.619
7088.82,4.96154,518.833
7088.84,4.96416,522.358
7088.86,4.96677,520.696
7088.88,4.96154,517.869
7088.9,4.96677,516.532
7088.92,4.9563,518.799
7088.94,4.9563,518.648
7088.96,4.96154,519.265
7088.98,4.95892,515.316
7089,4.95369,513.954
7089.02,4.96154,519.129
7089.04,4.96154,516.589
7089.06,4.9563,514.425
7089.08,4.94845,513.555
7089.1,4.94845,511.873
7089.12,4.95369,517.517
7089.14,4.95107,513.986
7089.16,4.94322,512.228
7089.18,4.94845,512.283
7089.2,4.94583,514.162
7089.22,4.95369,512.806
7089.24,4.9406,511.678
7089.26,4.93798,511.806
7089.28,4.94845,511.145
7089.3,4.95107,509.859
7089.32,4.94583,512.864
7089.34,4.95369,509.322
7089.36,4.94845,513.423
7089.38,4.94845,506.942
7089.4,4.94845,509.55
7089.42,4.94583,512.676
7089.44,4.94583,510.033
7089.46,4.9406,509.909
7089.48,4.93798,505.062
7089.5,4.94322,509.701
7089.52,4.94845,513.266
7089.54,4.93798,507.018
7089.56,4.93274,509.741
7089.58,4.9406,506.401
7089.6,4.9406,508.721
7089.62,4.93274,511.515
7089.64,4.93536,504.966
7089.66,4.93536,509.161
7089.68,4.93536,505.349
7089.7,4.93536,505.24
7089.72,4.93798,508.834
7089.74,4.9406,507.347
7089.76,4.94583,507.21
7089.78,4.93798,505.915
7089.8,4.93536,503.312
7089.82,4.93798,511.891
7089.84,4.93536,504.66
7089.86,4.93536,505.889
7089.88,4.93536,505.082
7089.9,4.9406,503.891
7089.92,4.93013,509.544
7089.94,4.93013,503.465
7089.96,4.92751,505.622
7089.98,4.93798,505.166
7090,4.92751,503.198
7090.02,4.92751,509.021
7090.04,4.93013,504.252
7090.06,4.93274,505.71
7090.08,4.92489,503.811
7090.1,4.92751,502.144
7090.12,4.9406,507.485
7090.14,4.93274,503.833
7090.16,4.92489,505.131
7090.18,4.93274,502.939
7090.2,4.93536,503.977
7090.22,4.92751,507.202
7090.24,4.92751,503.382
7090.26,4.93013,503.761
7090.28,4.93798,503.861
7090.3,4.91966,502.238
7090.32,4.92227,506.45
7090.34,4.93013,503.084
7090.36,4.92489,504.236
7090.38,4.93013,504.471
7090.4,4.92751,500.102
7090.42,5.90987,507.704
7090.44,5.84076,503.879
7090.46,5.58632,506.261
7090.48,5.59889,507.493
7090.5,5.60203,509.201
7090.52,5.59575,515.558
7090.54,5.59575,516.939
7090.56,5.60203,518.741
7090.58,5.61459,519.433
7090.6,5.61773,527.52
7090.62,5.62716,525.209
7090.64,5.62716,530.58
7090.66,5.63658,530.85
7090.68,5.65229,531.946
7090.7,5.64286,537.066
7090.72,5.63658,538.251
7090.74,5.65229,540.641
7090.76,5.65543,539.86
7090.78,5.66485,542.383
7090.8,5.67114,548.703
7090.82,5.65543,548.871
7090.84,5.67114,547.497
7090.86,5.67428,547.822
7090.88,5.69941,555.751
7090.9,5.69312,551.907
7090.92,5.6837,556.617
7090.94,5.70255,554.151
7090.96,5.70883,558.046
7090.98,5.70255,564.441
7091,5.71825,559.805
7091.02,5.69941,563.702
7091.04,5.72768,561.756
7091.06,5.72768,566.328
7091.08,5.7214,567.155
7091.1,5.7371,566.717
7091.12,5.72454,566.388
7091.14,5.71825,569.758
7091.16,5.74653,573.79
7091.18,5.73396,570.813
7091.2,5.73082,573.785
7091.22,5.74024,572.367
7091.24,5.74338,575.243
7091.26,5.75281,575.526
7091.28,5.76223,578.139
7091.3,5.76223,573.738
7091.32,5.74967,579.404
7091.34,5.77166,581.034
7091.36,5.76851,578.745
7091.38,5.75595,579.981
7091.4,5.76223,579.939
7091.42,5.77166,583.287
7091.44,5.76851,582.439
7091.46,5.76851,585.049
7091.48,5.78422,580.608
7091.5,5.76223,586.098
7091.52,5.7748,586.474
7091.54,5.78422,586.268
7091.56,5.78108,585.07
7091.58,5.77794,588.683
7091.6,5.78422,588.303
7091.62,5.78108,586.968
7091.64,5.7748,586.16
7091.66,5.78108,588.49
7091.68,5.78108,593.546
7091.7,5.78736,589.516
7091.72,5.79364,590.417
7091.74,5.79993,590.667
7091.76,5.79993,593.439
7091.78,5.79364,589.859
7091.8,5.7905,592.763
7091.82,5.79679,589.165
7091.84,5.80307,595.607
7091.86,5.79679,593.35
7091.88,5.80621,596.269
7091.9,5.80621,592.933
7091.92,5.80307,594.767
7091.94,5.79364,594.126
7091.96,5.79364,596.082
7091.98,5.80621,591.992
7092,5.79993,593.684
7092.02,5.79993,599.102
7092.04,5.81877,598.672
7092.06,5.82192,594.144
7092.08,5.81249,595.687
7092.1,5.80307,600.565
7092.12,5.80621,596.972
7092.14,5.81877,596.359
7092.16,5.81877,593.682
7092.18,5.81877,602.532
7092.2,5.8282,597.705
7092.22,5.8282,598.485
7092.24,5.80621,597.093
7092.26,5.81249,600.926
7092.28,5.81877,599.095
7092.3,5.81249,598.897
7092.32,5.81563,595.864
7092.34,5.82192,601.78
7092.36,5.82192,600.503
7092.38,5.81563,600.809
7092.4,5.81563,597.098
7092.42,5.81877,598.686
7092.44,5.81563,603.045
7092.46,5.81249,598.689
7092.48,5.81563,598.604
7092.5,5.8282,600.959
7092.52,5.83134,605.446
7092.54,5.82506,599.913
7092.56,5.8282,600.672
7092.58,5.81877,600.032
7092.6,5.82192,602.712
7092.62,5.83134,599.295
7092.64,5.82192,600.811
7092.66,5.82192,599.428
7092.68,5.83448,605.915
7092.7,5.8282,600.905
7092.72,5.82506,602.423
7092.74,5.81563,600.31
7092.76,5.82192,602.734
7092.78,5.81563,601.23
7092.8,5.81563,601.858
7092.82,5.81877,601.386
7092.84,5.83134,601.257
7092.86,5.8282,604.542
7092.88,5.81877,602.191
7092.9,5.82192,600.403
7092.92,5.83134,602.6
7092.94,5.83134,604.464
7092.96,5.82192,601.141
7092.98,5.8439,603.01
7093,5.83134,601.593
7093.02,5.84076,605.12
7093.04,5.83134,603.483
7093.06,5.82506,602.837
7093.08,5.83134,600.266
7093.1,5.82192,604.433
7093.12,5.8282,601.541
7093.14,5.82506,603.071
7093.16,5.84076,601.26
7093.18,5.83134,606.479
7093.2,5.83134,602.655
7093.22,5.82506,604.446
7093.24,5.81877,602.304
7093.26,5.82192,603.363
7093.28,5.81877,603.689
7093.3,5.82192,603.128
7093.32,5.83762,602.128
7093.34,5.84076,603.174
7093.36,5.84076,604.048
7093.38,5.82506,603.779
7093.4,5.8282,603.095
7093.42,5.8282,602.385
7093.44,5.83448,605.993
7093.46,5.82192,603.583
7093.48,5.8282,604.521
7093.5,5.83134,603.041
7093.52,5.83762,605.904
7093.54,5.83134,604.031
7093.56,5.82506,603.887
7093.58,5.82192,601.965
7093.6,5.8282,605.707
7093.62,5.82192,603.556
7093.64,5.8282,604.495
7093.66,5.83448,602.408
7093.68,5.84076,607.04
7093.7,5.8439,602.875
7093.72,5.83762,605.98
7093.74,5.8282,602.692
7093.76,5.83134,607.064
7093.78,5.83134,603.78
7093.8,5.83762,604.675
7093.82,5.84076,602.728
7093.84,5.84076,603.848
7093.86,5.8439,606.206
7093.88,5.8282,603.82
7093.9,5.82192,603.105
7093.92,5.81563,603.42
7093.94,5.82506,608.615
7093.96,5.82506,603.885
7093.98,5.83134,602.924
7094,5.84076,604.714
7094.02,5.83134,607.657
7094.04,5.83762,604.502
7094.06,5.83134,604.432
7094.08,5.81563,604.204
7094.1,5.83134,606.565
7094.12,5.82506,603.36
7094.14,5.8282,603.773
7094.16,5.83134,602.938
7094.18,5.8282,608.18
7094.2,5.84705,603.194
7094.22,5.8282,606.425
7094.24,5.83134,602.792
7094.26,5.83134,606.884
7094.28,5.83448,604.978
7094.3,5.8282,604.414
7094.32,5.81877,603.194
7094.34,5.83448,607.101
7094.36,5.83134,604.907
7094.38,5.8282,605.296
7094.4,5.83134,602.794
7094.42,5.81877,603.32
7094.44,5.83134,606.875
7094.46,5.82506,604.557
7094.48,5.81563,603.173
7094.5,5.83134,604.279
7094.52,5.8282,608.814
7094.54,5.83762,605.76
7094.56,5.83448,604.71
7094.58,5.83134,602.19
7094.6,5.83134,607.636
7094.62,5.82506,604.149
7094.64,5.82506,604.515
7094.66,5.8282,602.612
7094.68,5.8282,608.347
7094.7,5.83134,605.418
7094.72,5.83134,603.556
7094.74,5.82506,603.279
7094.76,5.81249,608.351
7094.78,5.82192,603.449
7094.8,5.82506,605.189
7094.82,5.81877,602.997
7094.84,5.83134,607.608
7094.86,5.8282,604.833
7094.88,5.83134,608.394
7094.9,5.83134,602.167
7094.92,5.82506,603.871
7094.94,5.81877,607.16
7094.96,5.82192,603.013
7094.98,5.82506,602.873
7095,5.82506,604.051
7095.02,5.83134,608.283
7095.04,5.83134,605.794
7095.06,5.84076,602.924
7095.08,5.8282,603.979
7095.1,5.81249,607.217
7095.12,5.82192,605.757
7095.14,5.82192,602.843
7095.16,5.81249,602.712
7095.18,5.82192,608.922
7095.2,5.82506,604.589
7095.22,5.82506,605.482
7095.24,5.83134,601.365
7095.26,5.82192,608.136
7095.28,5.81877,603.817
7095.3,5.82192,604.142
7095.32,5.82506,602.836
7095.34,5.81877,607.275
7095.36,5.83762,607.074
7095.38,5.8282,605.268
7095.4,5.84076,603.096
7095.42,5.83134,605.456
7095.44,5.81563,605.622
7095.46,5.83134,605.144
7095.48,5.82192,600.922
7095.5,5.82192,604.591
7095.52,5.81563,608.294
7095.54,5.82506,606.21
7095.56,5.83134,604.435
7095.58,5.83134,603.589
7095.6,5.81563,608.174
7095.62,5.82192,605.421
7095.64,5.81877,603.458
7095.66,5.81877,603.852
7095.68,5.82192,608.63
7095.7,5.8282,606.318
7095.72,5.83448,605.993
7095.74,5.84076,602.015
7095.76,5.82192,607.079
7095.78,5.81877,606.495
7095.8,5.8282,604.252
7095.82,5.83134,603.168
7095.84,5.81563,607.455
7095.86,5.83762,605.701
7095.88,5.82192,606.703
7095.9,5.83448,603.695
7095.92,5.82506,605.483
7095.94,5.81563,606.046
7095.96,5.82506,606.769
7095.98,5.81249,603.415
7096,5.81877,602.238
7096.02,5.82506,607.13
7096.04,5.8282,606.194
7096.06,5.83134,603.467
7096.08,5.83448,603.942
7096.1,5.81877,606.677
7096.12,5.81563,606.512
7096.14,5.82506,604.95
7096.16,5.82192,603.799
7096.18,5.81877,608.224
7096.2,5.8282,605.223
7096.22,5.83762,604.83
7096.24,5.83134,603.581
7096.26,5.8282,607.356
7096.28,5.82506,605.487
7096.3,5.81563,606.294
7096.32,5.80935,603.03
7096.34,5.80621,606.334
7096.36,5.81563,604.944
